ID,Title,Text,Subreddit,URL,Upvote Ratio,Media Only,Media Type,Media URL,Media Title,Permalink,Subreddit Subscribers,Report ReasonsRemoval Reasons,Author,Is Original Content,Is Crosspostable,Num Crossposts,Ups,View Count,Crosspost Parent List - Subdreddit(s)
jcrhpu,Trump WON'T Denounce QAnon During live NBC,,EnoughTrumpSpam,https://www.youtube.com/watch?v=oC_RkQbHSs8,0.91,False,youtube.com,,Trump WON'T Denounce QAnon During live NBC Town Hall with a SHOCKED Savannah Guthrie,/r/EnoughTrumpSpam/comments/jcrhpu/trump_wont_denounce_qanon_during_live_nbc/,99990,,,t2_yvi13,False,False,0,23,,"The_Mueller,"
j9w2zp,QAnon is tearing families apart,,EnoughTrumpSpam,https://www.washingtonpost.com/technology/2020/09/14/qanon-families-support-group/,0.99,False,,,,/r/EnoughTrumpSpam/comments/j9w2zp/qanon_is_tearing_families_apart/,99990,,,t2_js5a5,False,False,0,10,,
j6gs51,Facebook bans QAnon across its platforms | The change is a significant escalation over its previous actions targeting QAnon and one of the broadest rules the social media giant has put in place in its history.,,EnoughTrumpSpam,https://www.nbcnews.com/tech/tech-news/facebook-bans-qanon-across-its-platforms-n1242339,0.92,False,,,,/r/EnoughTrumpSpam/comments/j6gs51/facebook_bans_qanon_across_its_platforms_the/,99990,,,t2_js5a5,False,False,0,18,,
j6dvdt,"Facebook Bans All Groups, Pages Linked to QAnon Conspiracy",,EnoughTrumpSpam,https://www.bloomberg.com/news/articles/2020-10-06/facebook-bans-all-groups-pages-linked-to-qanon-conspiracy?sref=LNeLpR5N&amp;cmpid%253D=socialflow-twitter-tictoc&amp;utm_medium=social&amp;utm_source=url_link&amp;utm_campaign=socialflow-organic&amp;utm_content=tictoc,0.9,False,,,,/r/EnoughTrumpSpam/comments/j6dvdt/facebook_bans_all_groups_pages_linked_to_qanon/,99990,,,t2_3z2qtk88,False,False,0,41,,
j06u8i,The Flashing Warning of QAnon - The embrace of apocalyptic memes is a symptom of hyperconnected societies in distress.,,EnoughTrumpSpam,https://www.newyorker.com/culture/cultural-comment/the-flashing-warning-of-qanon,0.69,False,,,,/r/EnoughTrumpSpam/comments/j06u8i/the_flashing_warning_of_qanon_the_embrace_of/,99990,,,t2_fojuj,False,False,0,11,,"conspiracytheories,"
iwuatp,QAnon conspiracists believe in a vast pedophile ring. The truth is sadder | Moira Donegan,,EnoughTrumpSpam,https://www.theguardian.com/commentisfree/2020/sep/20/qanon-conspiracy-child-abuse-truth-trump,0.83,False,,,,/r/EnoughTrumpSpam/comments/iwuatp/qanon_conspiracists_believe_in_a_vast_pedophile/,99990,,,t2_3z2qtk88,False,False,0,11,,
irj9ru,"QAnon is a Nazi Cult, Rebranded",,EnoughTrumpSpam,https://www.justsecurity.org/72339/qanon-is-a-nazi-cult-rebranded/,0.98,False,,,,/r/EnoughTrumpSpam/comments/irj9ru/qanon_is_a_nazi_cult_rebranded/,99990,,,t2_js5a5,False,False,0,191,,"politics,"
iqzr7x,"Marjorie Taylor Greene, a QAnon-supporting candidate for a U.S. House seat in Georgia, now has no Democratic opponent. Kevin Van Ausdal bowed out for “personal and family reasons,” his campaign manager said.",,EnoughTrumpSpam,https://apnews.com/9091974c323916082936851772712149?utm_medium=AP&amp;utm_campaign=SocialFlow&amp;utm_source=Twitter,0.9,False,,,,/r/EnoughTrumpSpam/comments/iqzr7x/marjorie_taylor_greene_a_qanonsupporting/,99990,,,t2_35ca3,False,False,0,8,,"Georgia,"
imtmyu,Owner of 8chan/8kun helps create QAnon super PAC and is running paid ads for it on his site,,EnoughTrumpSpam,https://www.mediamatters.org/qanon-conspiracy-theory/owner-8chan8kun-helps-create-qanon-super-pac-and-running-paid-ads-it-his,0.9,False,,,,/r/EnoughTrumpSpam/comments/imtmyu/owner_of_8chan8kun_helps_create_qanon_super_pac/,99990,,,t2_72r8i9ul,False,False,0,32,,
iml5xd,Biden Suggests Followers of QAnon Need Mental Health Care,,EnoughTrumpSpam,https://www.bloomberg.com/news/articles/2020-09-04/biden-suggests-followers-of-qanon-need-mental-health-care,0.86,False,,,,/r/EnoughTrumpSpam/comments/iml5xd/biden_suggests_followers_of_qanon_need_mental/,99990,,,t2_hhq3wyu,False,False,0,27,,
im603x,Don't y'all see that Qanon Trumpers are trying to raid random comment sections when it's about BLM or Biden? Lmao,,EnoughTrumpSpam,https://i.redd.it/9lib1cpq21l51.jpg,0.81,False,,,,/r/EnoughTrumpSpam/comments/im603x/dont_yall_see_that_qanon_trumpers_are_trying_to/,99990,,,t2_4tpi6cug,False,False,0,12,,
ih79yj,Evangelicals are looking for answers online. They’re finding QAnon instead.,,EnoughTrumpSpam,https://www.technologyreview.com/2020/08/26/1007611/how-qanon-is-targeting-evangelicals/,0.92,False,,,,/r/EnoughTrumpSpam/comments/ih79yj/evangelicals_are_looking_for_answers_online/,99990,,,t2_120d20,False,False,0,9,,
ih2131,Trump Has Failed the QAnon Test | Past Republican leaders knew better than to allow the pathogens of extreme conspiracy theories to infect the political bloodstream.,,EnoughTrumpSpam,https://www.nytimes.com/2020/08/25/opinion/trump-qanon-birchers.html,0.97,False,,,,/r/EnoughTrumpSpam/comments/ih2131/trump_has_failed_the_qanon_test_past_republican/,99990,,,t2_js5a5,False,False,1,81,,
igpyay,RNC Speaker Cancelled After Boosting QAnon Conspiracy Theory About Jewish Plot to Enslave the World,,EnoughTrumpSpam,https://www.thedailybeast.com/rnc-speaker-boosts-qanon-conspiracy-theory-about-jewish-plot-to-enslave-the-world-1,0.87,False,,,,/r/EnoughTrumpSpam/comments/igpyay/rnc_speaker_cancelled_after_boosting_qanon/,99990,,,t2_ee3qx,False,False,0,26,,
if9v2x,"White House says Trump doesn’t know of QAnon, despite his tacit endorsement",,EnoughTrumpSpam,https://www.theguardian.com/us-news/2020/aug/23/donald-trump-qanon-conspiracy-theory,0.96,False,,,,/r/EnoughTrumpSpam/comments/if9v2x/white_house_says_trump_doesnt_know_of_qanon/,99990,,,t2_85j6s,False,False,0,45,,
if5iak,Jeffrey Epstein &amp; Robert Maxwell's honeypot connections around Trump #QAnon #OWS #OpDeathEaters https://t.co/xiA4rFD28p,,EnoughTrumpSpam,https://twitter.com/YaldabaothSpea1/status/1297549601646534658?s=09,0.67,False,twitter.com,https://twitter.com/YaldabaothSpea1/status/1297549601646534658,,/r/EnoughTrumpSpam/comments/if5iak/jeffrey_epstein_robert_maxwells_honeypot/,99990,,,t2_mug3t,False,False,0,6,,
ieyum0,The truth about Qanon,,EnoughTrumpSpam,https://i.redd.it/2m47qxybbpi51.png,0.85,False,,,,/r/EnoughTrumpSpam/comments/ieyum0/the_truth_about_qanon/,99990,,,t2_6p7h9tab,False,False,0,28,,"Trumpvirus,"
iencjw,The GOP US Senate nominee who took a QAnon pledge,,EnoughTrumpSpam,https://www.cnn.com/2020/08/22/politics/jo-rae-perkins-qanon-oregon-senate-race/index.html,0.74,False,,,,/r/EnoughTrumpSpam/comments/iencjw/the_gop_us_senate_nominee_who_took_a_qanon_pledge/,99990,,,t2_ee3qx,False,False,0,7,,
ida6qg,Trump Says QAnon Followers Are People Who ‘Love Our Country’,,EnoughTrumpSpam,https://www.nytimes.com/2020/08/19/us/politics/trump-qanon-conspiracy-theories.html?action=click&amp;module=News&amp;pgtype=Homepage,0.87,False,,,,/r/EnoughTrumpSpam/comments/ida6qg/trump_says_qanon_followers_are_people_who_love/,99990,,,t2_48208,False,False,0,17,,
id2yqk,FBI: The deranged QAnon conspiracy theory poses a potential domestic terrorism threat. Trump:They like me very much.And these are people that love our country.,,EnoughTrumpSpam,https://twitter.com/atrupar/status/1296208350120751106,0.97,False,twitter.com,https://twitter.com/atrupar/status/1296208350120751106,,/r/EnoughTrumpSpam/comments/id2yqk/fbi_the_deranged_qanon_conspiracy_theory_poses_a/,99990,,,t2_yvi13,False,False,0,103,,"The_Mueller,"
icy0sm,"""These are people (QAnon) that don’t like seeing what’s going on in places like Portland and places like Chicago and other cities and states,"" Trump said. ""I’ve heard these are people that love our country. I don’t know really anything about it other than they do supposedly like me",,EnoughTrumpSpam,http://archive.is/aRlCl,0.83,False,,,,/r/EnoughTrumpSpam/comments/icy0sm/these_are_people_qanon_that_dont_like_seeing/,99990,,,t2_612zd,False,False,0,21,,
icu5bl,"Facebook removes hundreds of QAnon groups, thousands of ads",,EnoughTrumpSpam,https://nbcnews.to/31e3Exf,0.93,False,,,,/r/EnoughTrumpSpam/comments/icu5bl/facebook_removes_hundreds_of_qanon_groups/,99990,,,t2_ce1jm,False,False,0,22,,
ican6z,Trump's QAnon Silence Gives “A Wink and a Nod” to Domestic Terrorism,,EnoughTrumpSpam,https://www.vanityfair.com/news/2020/08/trumps-qanon-silence-gives-wink-and-nod-to-domestic-terrorism,0.91,False,,,,/r/EnoughTrumpSpam/comments/ican6z/trumps_qanon_silence_gives_a_wink_and_a_nod_to/,99990,,,t2_38lau,False,False,0,45,,"AnythingGoesNews,"
ic9jt0,QAnon Revealed!,,EnoughTrumpSpam,https://i.redd.it/6ls5v272rth51.jpg,0.99,False,,,,/r/EnoughTrumpSpam/comments/ic9jt0/qanon_revealed/,99990,,,t2_o2zyjcm,False,False,0,751,,
ic3obv,Suggested GOP convention speakers,"I read that the McCloskey gun-toting St Louis couple will speak at the GOP convention.  Which other Tump fans should they invite to speak?  * The Dallas ""hairdresser"" lady (reopen my business), 15 mins fame in April * A couple of anti-mask Karens * Some ""covid-hoaxers"" - if they are out of hospital * Some of the gun-protestors from Michigan state house * A Qanon member * A Proud Boy * A KKK member * That cop who sat on George Floyds neck (you gotta guess) * Diamond and Silk -  the youtubers * A hydroxychloroquine user * The PPP benificiary in Miami who bought a sports-car * an evangelical pastor (if they can find one, Jerry Falwell if they can't) * a white person who was a victim of a crime committed by a black person or an immigrant * Melania (is she a Tump fan?) * Ivanka, Jared, a few more family members * Putin or Bolsonaro * Mike Flynn * Mike Pence * Donald * .... the list writes itself.   Who am I missing :)",EnoughTrumpSpam,https://www.reddit.com/r/EnoughTrumpSpam/comments/ic3obv/suggested_gop_convention_speakers/,0.89,False,,,,/r/EnoughTrumpSpam/comments/ic3obv/suggested_gop_convention_speakers/,99990,,,t2_g3g7a,False,False,0,8,,
i8w08x,Republicans are becoming the QAnon Party,,EnoughTrumpSpam,https://www.washingtonpost.com/opinions/2020/08/12/republicans-are-becoming-qanon-party,0.95,False,,,,/r/EnoughTrumpSpam/comments/i8w08x/republicans_are_becoming_the_qanon_party/,99990,,,t2_js5a5,False,False,0,19,,"politics,"
i1voa9,"Trump lawsuit from 1997. Accusations of Attempted Grooming of Sex Slaves, Attempted Rape and details of ""Svengali like"" Recruitment Tactics. Suit was settled out of court for $125 million. More excerpts and link to full court filing inside.","Qanon's followers are very busy these days shielding their idol from his associations with Epstein and GMax. In all the noise, facts are getting lost.   When a sycophant hits you with some nonsense about Trump being as pure as the driven snow, hit them with this.  A court filing like this, which resulted in a settlement out of court for $125 mil., is *far stronger and more reliable evidence* of the true goings-on of Trump and those in his orbit. The fact that this concluded with such a massive settlement strongly suggests that attempts to threaten or extort the plaintiff were unsuccessful, and that this was the only way to keep things quiet.  The full (13-page) legal document can be found [here](https://www.scribd.com/doc/300193678/1997-Jill-Harth-Lawsuit#fullscreen&amp;from_embed).  Here are some screenshots of the most relevant parts:  [Defendant demands access 17-year old Czechoslavakian beauty contest participant; describes her as “sex object”](https://imgur.com/RGP3dXc)    [Defendant drags plaintiff into daughter’s bedroom and expresses desire to keep plaintiff as “sex slave”](https://imgur.com/i0XOP3g)  [Co-defendant claims Defendant prefers young women](https://imgur.com/FByedIs)  [Defendant sneaks into sleeping woman’s room to attempt sexual assault](https://imgur.com/tGlPQte)  [Defendant declares women are “sex objects” to be “subjugated”](https://imgur.com/IL9jp3x)  [Defendants describe disgraced sexual predator Tex Antoine as role model: Raped women should “lay down relax and enjoy it”. Bonus: Young pageant participants were given jobs in exchange for sexual favors to defendants](https://imgur.com/W4r6GFg)  [Defendant expresses fantasies of keeping sex slaves, converting pagaents into “sex orgies” for a purpose bordering on “white slavery” to fulfill sexual whims of defendants](https://imgur.com/bO97Bqx)  [Defendant represents “constant danger” to young women in pagaents](https://imgur.com/bO97Bqx)  [Legal request for restraining order barring defendant from any contact with pagaents over fears of grooming sex slaves](https://imgur.com/BjJ3JQ2)   E: One correction: the settlement amount was officially undisclosed. The asked amount was 125 mil. The way the settlement was executed, however, reeks of the same kind of tactics surrounding the Stormy Daniels case that helped land Cohen in jail – i.e., hide money transfers behind less salacious suits.",EnoughTrumpSpam,https://www.reddit.com/r/EnoughTrumpSpam/comments/i1voa9/trump_lawsuit_from_1997_accusations_of_attempted/,0.92,False,,,,/r/EnoughTrumpSpam/comments/i1voa9/trump_lawsuit_from_1997_accusations_of_attempted/,99990,,,t2_8s0v9,False,False,1,69,,
hwdlnu,"Twitter bans 7,000 QAnon accounts, limits 150,000 others as part of broad crackdown",,EnoughTrumpSpam,https://www.nbcnews.com/tech/tech-news/twitter-bans-7-000-qanon-accounts-limits-150-000-others-n1234541,0.98,False,,,,/r/EnoughTrumpSpam/comments/hwdlnu/twitter_bans_7000_qanon_accounts_limits_150000/,99990,,,t2_ce1jm,False,False,0,80,,"news,"
htifjn,Trump campaign sources propaganda from QAnon network,,EnoughTrumpSpam,https://www.businessinsider.com/trump-campaign-sources-propaganda-from-qanon-network-2020-6,0.83,False,,,,/r/EnoughTrumpSpam/comments/htifjn/trump_campaign_sources_propaganda_from_qanon/,99990,,,t2_yvi13,False,False,0,11,,"Trump2020,"
ht4ab3,A Canadian QAnon devotee attempted to assassinate PM Trudeau earlier this month. Trump has helped enable this madness by retweeting QAnon accounts.,,EnoughTrumpSpam,https://foreignpolicy.com/2020/07/13/qanon-canada-trudeau-conspiracy-theory/,0.99,False,,,,/r/EnoughTrumpSpam/comments/ht4ab3/a_canadian_qanon_devotee_attempted_to_assassinate/,99990,,,t2_ee3qx,False,False,0,197,,
hq5iru,11 Republican congressional nominees support the QAnon conspiracy theory,,EnoughTrumpSpam,https://www.axios.com/qanon-nominees-congress-gop-8086ed21-b7d3-46af-9016-d132e65ba801.html,0.97,False,,,,/r/EnoughTrumpSpam/comments/hq5iru/11_republican_congressional_nominees_support_the/,99990,,,t2_inbu0,False,False,0,93,,
hpvzkq,"Trump isn't secretly winking at QAnon. He's retweeting its followers. | There were 14 retweets along on July Fourth. And those around Trump are even more explicit. It's giving a boost to the sprawling, Trump-centric conspiracy movement.",,EnoughTrumpSpam,https://www.politico.com/news/2020/07/12/trump-tweeting-qanon-followers-357238,0.86,False,,,,/r/EnoughTrumpSpam/comments/hpvzkq/trump_isnt_secretly_winking_at_qanon_hes/,99990,,,t2_js5a5,False,False,0,10,,"politics,"
hkk65h,Do followers of QAnon actually believe such utter nonsense ?,,EnoughTrumpSpam,https://i.redd.it/i4s5lclsln851.jpg,0.67,False,,,,/r/EnoughTrumpSpam/comments/hkk65h/do_followers_of_qanon_actually_believe_such_utter/,99990,,,t2_3z2qtk88,False,False,0,5,,
h9lb0b,"QAnon marches toward the halls of Congress | Prior to this primary season, the conspiracy theorists had mostly kept their activities to the internet. But QAnon boosters are now aiming for elected office.",,EnoughTrumpSpam,https://www.politico.com/news/2020/06/13/qanon-congress-316289,0.67,False,,,,/r/EnoughTrumpSpam/comments/h9lb0b/qanon_marches_toward_the_halls_of_congress_prior/,99990,,,t2_js5a5,False,False,0,4,,"politics,"
gtq2qt,"It honestly blows my mind every time I read something about QAnon that at the core of it all these people believe that Donald Trump is some caped crusader taking down that one real threat to the world, Democratic pedophiles. Oh and he's doing it all on the DL.",,EnoughTrumpSpam,https://youtu.be/ZwfOZB9IWx0,0.88,False,youtube.com,,QAnon conspiracy theory's growing influence on American politics,/r/EnoughTrumpSpam/comments/gtq2qt/it_honestly_blows_my_mind_every_time_i_read/,99990,,,t2_qlm8h,False,False,0,30,,
gdq9rg,Trump’s Pick for Intelligence Chief Follows a Slew of QAnon Accounts,,EnoughTrumpSpam,https://www.thedailybeast.com/john-ratcliffe-trumps-pick-for-intelligence-chief-follows-a-slew-of-qanon-accounts,0.75,False,,,,/r/EnoughTrumpSpam/comments/gdq9rg/trumps_pick_for_intelligence_chief_follows_a_slew/,99990,,,t2_13q2dl,False,False,0,7,,
f5lf50,"""After two plus years of failed predictions, broken promises, and demented nonsense, tonight QAnon posted that it was GAME OVER.""",,EnoughTrumpSpam,https://twitter.com/rothschildmd/status/1229603765658902528,0.81,False,twitter.com,https://twitter.com/rothschildmd/status/1229603765658902528,,/r/EnoughTrumpSpam/comments/f5lf50/after_two_plus_years_of_failed_predictions_broken/,99990,,,t2_3hked,False,False,0,15,,
evi94j,"QAnon devotees who believe Donald Trump is at war with shadowy ""deep-state cabal"" are promoting drinking bleach as a magic cure for Coronavirus. Dubbed “Miracle Mineral Solution” or ""MMS"" it has been promoted as a miracle cure/vaccine for everything from cancer to autism, even HIV/Aids.",https://www.thedailybeast.com/qanon-conspiracy-theorists-magic-cure-for-coronavirus-is-drinking-lethal-bleach,EnoughTrumpSpam,https://www.reddit.com/r/EnoughTrumpSpam/comments/evi94j/qanon_devotees_who_believe_donald_trump_is_at_war/,0.77,False,,,,/r/EnoughTrumpSpam/comments/evi94j/qanon_devotees_who_believe_donald_trump_is_at_war/,99990,,,t2_12pla6mt,False,False,1,14,,
ej8vn3,Trump spent his holidays retweeting QAnon and Pizzagate accounts,,EnoughTrumpSpam,https://www.vox.com/policy-and-politics/2020/1/2/21046707/trump-qanon-pizzagate-retweets,0.98,False,,,,/r/EnoughTrumpSpam/comments/ej8vn3/trump_spent_his_holidays_retweeting_qanon_and/,99990,,,t2_85j6s,False,False,1,399,,
eirbu3,Trump Throws Fresh Fuel on Dangerous QAnon Conspiracy Theory,,EnoughTrumpSpam,https://www.thedailybeast.com/trump-throws-fresh-fuel-on-dangerous-qanon-conspiracy-theory,0.91,False,,,,/r/EnoughTrumpSpam/comments/eirbu3/trump_throws_fresh_fuel_on_dangerous_qanon/,99990,,,t2_85j6s,False,False,0,51,,
d5n6f8,Arizona community college fires professor who promoted QAnon conspiracy theory in class,,EnoughTrumpSpam,https://archive.is/r5Fqo,0.99,False,,,,/r/EnoughTrumpSpam/comments/d5n6f8/arizona_community_college_fires_professor_who/,99990,,,t2_3ut6hh62,False,False,0,125,,
ct4xv0,Maybe We Should Be Concerned About Qanon? - SOME MORE NEWS,,EnoughTrumpSpam,https://www.youtube.com/watch?v=XJgX20S0Zdg,0.84,False,youtube.com,,Maybe We Should Be Concerned About Qanon? - SOME MORE NEWS,/r/EnoughTrumpSpam/comments/ct4xv0/maybe_we_should_be_concerned_about_qanon_some/,99990,,,t2_843m6,False,False,3,9,,
ct0hk9,"Trump, QAnon and an impending judgment day: Behind the Facebook-fueled rise of The Epoch Times ... Holy shit, Qanon is the work of Falun Gong?",,EnoughTrumpSpam,https://www.nbcnews.com/tech/tech-news/trump-qanon-impending-judgment-day-behind-facebook-fueled-rise-epoch-n1044121,0.76,False,,,,/r/EnoughTrumpSpam/comments/ct0hk9/trump_qanon_and_an_impending_judgment_day_behind/,99990,,,t2_89t1g,False,False,0,8,,
cn119m,"A QAnon follower explains how she responds when somebody asks her ""What is Q?""",,EnoughTrumpSpam,https://twitter.com/travis_view/status/1158885000961355776,0.86,False,twitter.com,https://twitter.com/travis_view/status/1158885000961355776,,/r/EnoughTrumpSpam/comments/cn119m/a_qanon_follower_explains_how_she_responds_when/,99990,,,t2_89t1g,False,False,0,14,,
cgi2t2,"Man who shot mob boss Francesco 'Franky Boy' Cali believed in QAnon, thought he had Trump's 'full support': Court docs",,EnoughTrumpSpam,https://abcnews.go.com/US/man-shot-mob-boss-francesco-franky-boy-cali/story?id=64483955,0.86,False,,,,/r/EnoughTrumpSpam/comments/cgi2t2/man_who_shot_mob_boss_francesco_franky_boy_cali/,99990,,,t2_oc30k,False,False,0,29,,
c9a2pt,QAnon Followers Think JFK Jr. Is Coming Back on the 4th of July,,EnoughTrumpSpam,https://www.rollingstone.com/culture/culture-features/qanon-jfk-jr-conspiracy-theory-854938/,0.92,False,,,,/r/EnoughTrumpSpam/comments/c9a2pt/qanon_followers_think_jfk_jr_is_coming_back_on/,99990,,,t2_89t1g,False,False,0,30,,
bspvlz,‘This Is a Battle to the Death’: Religious right Trump supporter and leading QAnon proponent Dave Hayes says Trump will soon execute his political enemies | 'Trump is going to prosecute them and put every one of them in jail and probably have a lot of them executed [...] there can be not much mercy',,EnoughTrumpSpam,http://www.rightwingwatch.org/post/this-is-a-battle-to-the-death-dave-hayes-says-trump-will-soon-execute-his-political-enemies/,0.91,False,,,,/r/EnoughTrumpSpam/comments/bspvlz/this_is_a_battle_to_the_death_religious_right/,99990,,,t2_1qcgn8k7,False,False,0,29,,"occupywallstreet,"
bsb3gy,"This is the kind of nonsense that makes Qanon types cream their pants, isn't it?",,EnoughTrumpSpam,https://twitter.com/realDonaldTrump/status/1131716324751826949,0.89,False,twitter.com,https://twitter.com/realDonaldTrump/status/1131716324751826949,,/r/EnoughTrumpSpam/comments/bsb3gy/this_is_the_kind_of_nonsense_that_makes_qanon/,99990,,,t2_89t1g,False,False,0,13,,
bqhmi6,All For A LARP: Hollywood QAnon Promoter Dies After Throwing Himself Off Bridge,,EnoughTrumpSpam,https://contemptor.com/2019/05/19/all-for-a-larp-hollywood-qanon-promoter-dies-after-throwing-himself-off-bridge/,0.87,False,,,,/r/EnoughTrumpSpam/comments/bqhmi6/all_for_a_larp_hollywood_qanon_promoter_dies/,99990,,,t2_89t1g,False,False,0,24,,
bepqjx,QAnon Believers Crushed After Mueller Report Fails to Lead to Hillary Clinton’s Arrest,,EnoughTrumpSpam,https://www.thedailybeast.com/qanon-believers-crushed-after-mueller-report-fails-to-lead-to-hillary-clintons-arrest,0.88,False,,,,/r/EnoughTrumpSpam/comments/bepqjx/qanon_believers_crushed_after_mueller_report/,99990,,,t2_89t1g,False,False,0,26,,
bepllx,Rudy Giuliani Joins Team Qanon,,EnoughTrumpSpam,https://i.redd.it/3i79o1dnp2t21.png,0.8,False,,,,/r/EnoughTrumpSpam/comments/bepllx/rudy_giuliani_joins_team_qanon/,99990,,,t2_89t1g,False,False,0,8,,
be7j0s,The Florida Panthers Accidentally Created a #QAnon Conspiracy Meme,,EnoughTrumpSpam,https://www.miaminewtimes.com/news/florida-panthers-become-accidental-qanon-meme-after-hiring-coach-joel-quenneville-11148996,0.81,False,,,,/r/EnoughTrumpSpam/comments/be7j0s/the_florida_panthers_accidentally_created_a_qanon/,99990,,,t2_bt932,False,False,0,14,,
b71v9h,The psychology of Qanon: Why do seemingly sane people believe bizarre conspiracy theories?,,EnoughTrumpSpam,https://www.nbcnews.com/think/opinion/psychology-qanon-why-do-seemingly-sane-people-believe-bizarre-conspiracy-ncna900171,0.78,False,,,,/r/EnoughTrumpSpam/comments/b71v9h/the_psychology_of_qanon_why_do_seemingly_sane/,99990,,,t2_89t1g,False,False,0,15,,
b6c3j1,QAnon Turns on Sebastian Gorka After He Calls Them ‘Garbage’,,EnoughTrumpSpam,https://www.thedailybeast.com/qanon-turns-on-sebastian-gorka-after-he-calls-them-garbage,0.9,False,,,,/r/EnoughTrumpSpam/comments/b6c3j1/qanon_turns_on_sebastian_gorka_after_he_calls/,99990,,,t2_89t1g,False,False,0,38,,
b29j7y,"I thought the Qanon nonsense had gone the way of Roseanne's career, but then I just saw this at a bus stop. WTF?",,EnoughTrumpSpam,https://i.redd.it/bie3gic1nqm21.jpg,0.81,False,,,,/r/EnoughTrumpSpam/comments/b29j7y/i_thought_the_qanon_nonsense_had_gone_the_way_of/,99990,,,t2_89t1g,False,False,0,14,,
amwnn5,"Russian troll accounts purged by Twitter pushed Qanon, other conspiracies",,EnoughTrumpSpam,https://www.nbcnews.com/tech/social-media/russian-troll-accounts-purged-twitter-pushed-qanon-other-conspiracy-theories-n966091,0.92,False,,,,/r/EnoughTrumpSpam/comments/amwnn5/russian_troll_accounts_purged_by_twitter_pushed/,99990,,,t2_ce1jm,False,False,0,53,,
alx3cj,Trump Allies Think Ruth Bader Ginsburg Is Hiding or Dead. It Started on QAnon.,,EnoughTrumpSpam,https://www.thedailybeast.com/trump-allies-think-ruth-bader-ginsburg-is-hiding-or-dead-it-started-on-qanon,0.92,False,,,,/r/EnoughTrumpSpam/comments/alx3cj/trump_allies_think_ruth_bader_ginsburg_is_hiding/,99990,,,t2_4juo0,False,False,0,26,,
ae7ovb,Proud Boy / Qanon Enthusiast Murdered His Brother With A Sword,,EnoughTrumpSpam,https://www.thedailybeast.com/proud-boy-member-accused-of-murdering-his-brother-with-a-sword-4,0.88,False,,,,/r/EnoughTrumpSpam/comments/ae7ovb/proud_boy_qanon_enthusiast_murdered_his_brother/,99990,,,t2_89t1g,False,False,1,32,,
a6uxaw,Trump hotel gingerbread elevator is a Qanon message? I wonder how the hotel PR department is dealing with the entire Twitter threat being Qanon nuts and if this was actually planned. Check out the screenshot in the comments. One of the stockings has a Q on it and these morons are losing their shit.,,EnoughTrumpSpam,https://twitter.com/TrumpHotels/status/1072253507867152384?s=19,0.83,False,twitter.com,https://twitter.com/TrumpHotels/status/1072253507867152384,,/r/EnoughTrumpSpam/comments/a6uxaw/trump_hotel_gingerbread_elevator_is_a_qanon/,99990,,,t2_11j33f,False,False,1,18,,
a6tokl,"Trump is now defending himself by citing Rod Blagojevich, the impeached and imprisoned Illinois governor -- and Jerome Corsi, the wingnut Infowars conspiracy theorist who promoted birtherism, pizzagate, and QAnon. Yes, he really actually did.",,EnoughTrumpSpam,https://www.motherjones.com/politics/2018/12/trump-defends-himself-by-citing-rod-blagojevich-the-impeached-and-imprisoned-illinois-governor/,0.98,False,,,,/r/EnoughTrumpSpam/comments/a6tokl/trump_is_now_defending_himself_by_citing_rod/,99990,,,t2_h9ibg,False,False,0,42,,
a6refw,Pence shares picture of himself meeting a SWAT officer with a QAnon conspiracy patch | SWAT officer who appeared to be a follower of fringe pro-Trump hysteria known as QAnon was seen with Vice President Mike Pence,,EnoughTrumpSpam,https://www.washingtonpost.com/nation/2018/12/01/pence-shares-picture-him-meeting-swat-officer-wearing-qanon-conspiracy-patch/,0.98,False,,,,/r/EnoughTrumpSpam/comments/a6refw/pence_shares_picture_of_himself_meeting_a_swat/,99990,,,t2_1qcgn8k7,False,False,0,82,,"occupywallstreet,"
a20ukr,"QAnon gaining legitimacy, one Pence at a time.",,EnoughTrumpSpam,https://www.miaminewtimes.com/news/broward-south-florida-cop-wore-qanon-patch-with-mike-pence-10938571,0.88,False,,,,/r/EnoughTrumpSpam/comments/a20ukr/qanon_gaining_legitimacy_one_pence_at_a_time/,99990,,,t2_2n5m1,False,False,0,39,,
9wes8v,"It's a Trump-haired teddy bear, with built in flag/blanket, and they are selling it with Qanon language...",,EnoughTrumpSpam,https://twitter.com/atrupar/status/1061965651470925825,0.86,False,twitter.com,https://twitter.com/atrupar/status/1061965651470925825,,/r/EnoughTrumpSpam/comments/9wes8v/its_a_trumphaired_teddy_bear_with_built_in/,99990,,,t2_89t1g,False,False,0,10,,
9rx57j,"Synagogue shooter shared pro-Nazi content &amp; Trump-inspired QAnon hysteria, called for extermination of Jewish people to ‘make America great again’ &amp; held disdain for refugee assistance group for “[bringing] invaders [referring to immigrants/refugees] in that kill our people” before going on to kill.",,EnoughTrumpSpam,https://www.reddit.com/r/occupywallstreet/comments/9rx3vf/synagogue_shooter_shared_pronazi_content/,0.89,False,,,,/r/EnoughTrumpSpam/comments/9rx57j/synagogue_shooter_shared_pronazi_content/,99990,,,t2_1qcgn8k7,False,False,0,33,,"occupywallstreet,"
9l676w,"QAnoners Cheer Trump’s Text Alert Test, See It As a Step Towards Martial Law",,EnoughTrumpSpam,https://www.thedailybeast.com/qanoners-cheer-trumps-text-alert-test-see-it-as-a-step-towards-martial-law?ref=scroll,0.94,False,,,,/r/EnoughTrumpSpam/comments/9l676w/qanoners_cheer_trumps_text_alert_test_see_it_as_a/,99990,,,t2_3yb2p,False,False,0,82,,
9l4uib,"QAnoners Cheer Trump’s Text Alert Test, See It As a Step Towards Martial Law",,EnoughTrumpSpam,https://www.thedailybeast.com/qanoners-cheer-trumps-text-alert-test-see-it-as-a-step-towards-martial-law,0.78,False,,,,/r/EnoughTrumpSpam/comments/9l4uib/qanoners_cheer_trumps_text_alert_test_see_it_as_a/,99990,,,t2_89t1g,False,False,0,25,,
9fyehc,The far right is struggling to contain Qanon after giving it life (very good read about how even the no-no sub rejected them. also r/greatawakening was banned 2 days ago yay),,EnoughTrumpSpam,https://www.nbcnews.com/tech/tech-news/far-right-struggling-contain-qanon-after-giving-it-life-n899741,0.78,False,,,,/r/EnoughTrumpSpam/comments/9fyehc/the_far_right_is_struggling_to_contain_qanon/,99990,,,t2_t93eg,False,False,0,24,,
9cpov0,"The Jim Jefferies Show sits down with proponents of the Pro-Trump QAnon Conspiracy Theory, who contradict each other",,EnoughTrumpSpam,https://www.youtube.com/watch?v=VGrfN3v5JL8,0.97,False,youtube.com,,Sitting Down with QAnon Conspiracy Theorists - The Jim Jefferies Show,/r/EnoughTrumpSpam/comments/9cpov0/the_jim_jefferies_show_sits_down_with_proponents/,99990,,,t2_8ont5,False,False,0,93,,
9clyzq,"LOL: Qanon releases ""The most important document you will ever come across""",,EnoughTrumpSpam,https://twitter.com/realQNN/status/1035943634540081155,0.84,False,twitter.com,https://twitter.com/realQNN/status/1035943634540081155,,/r/EnoughTrumpSpam/comments/9clyzq/lol_qanon_releases_the_most_important_document/,99990,,,t2_89t1g,False,False,0,29,,
9a2p96,"Trump has an Oval Office meeting with Lebron. No, not that Lebron -- the one who's a leading promoter of QAnon. Should be some interesting tweets overnight.",,EnoughTrumpSpam,https://www.thedailybeast.com/trump-in-oval-office-meets-promoter-of-qanon-conspiracy-theory-that-says-democrats-run-pedophile-cult?,0.93,False,,,,/r/EnoughTrumpSpam/comments/9a2p96/trump_has_an_oval_office_meeting_with_lebron_no/,99990,,,t2_j5jzr,False,False,0,72,,
9a0g44,"QAnon leaders are trying to prevent their fans from discussing Michael Cohen's guilty plea, which effectively disproves QAnon.",,EnoughTrumpSpam,https://www.thedailybeast.com/qanon-leaders-crack-down-on-mentions-of-cohen-after-he-turned-on-trump,0.98,False,,,,/r/EnoughTrumpSpam/comments/9a0g44/qanon_leaders_are_trying_to_prevent_their_fans/,99990,,,t2_89t1g,False,False,0,172,,
99c7dg,Sitting Down with QAnon Conspiracy Theorists - The Jim Jefferies Show,,EnoughTrumpSpam,https://www.youtube.com/watch?v=VGrfN3v5JL8,0.69,False,youtube.com,,Sitting Down with QAnon Conspiracy Theorists - The Jim Jefferies Show,/r/EnoughTrumpSpam/comments/99c7dg/sitting_down_with_qanon_conspiracy_theorists_the/,99990,,,t2_njmfzh6,False,False,0,6,,
98ujv2,Qanon believers want to sue the MSM because even their own families think they are bonkers,,EnoughTrumpSpam,https://i.redd.it/e5ju0aoin9h11.jpg,0.92,False,,,,/r/EnoughTrumpSpam/comments/98ujv2/qanon_believers_want_to_sue_the_msm_because_even/,99990,,,t2_89t1g,False,False,0,30,,
96geyk,"18,000 acres of California are burning, apparently set by a mentally ill man who believes in QAnon, Pizzagate, Jade Helm, Flat Earth, and shape-shifting lizard overlords.",,EnoughTrumpSpam,https://www.rollingstone.com/culture/culture-news/forrest-gordon-accused-arson-california-fire-conspiracy-theorist-710023/,0.95,False,,,,/r/EnoughTrumpSpam/comments/96geyk/18000_acres_of_california_are_burning_apparently/,99990,,,t2_h9ibg,False,False,2,1595,,
96femh,What is QAnon? The Conspiracy Theory Tiptoeing Into Trump World,,EnoughTrumpSpam,https://www.npr.org/2018/08/02/634749387/what-is-qanon-the-conspiracy-theory-tiptoeing-into-trump-world,0.72,False,,,,/r/EnoughTrumpSpam/comments/96femh/what_is_qanon_the_conspiracy_theory_tiptoeing/,99990,,,t2_1174d0,False,False,0,9,,
95qmlf,How QAnon and Sacha Baron Cohen Speak to the Same Desperate Need,,EnoughTrumpSpam,https://www.newyorker.com/news/our-columnists/how-qanon-and-sacha-baron-cohen-speak-to-the-same-desperate-need,0.68,False,,,,/r/EnoughTrumpSpam/comments/95qmlf/how_qanon_and_sacha_baron_cohen_speak_to_the_same/,99990,,,t2_hhq3wyu,False,False,0,8,,
95qcka,"Who are QAnon supporters? The QAnon subreddit, analyzed with data.",,EnoughTrumpSpam,https://www.vox.com/2018/8/8/17657800/qanon-reddit-conspiracy-data,0.89,False,,,,/r/EnoughTrumpSpam/comments/95qcka/who_are_qanon_supporters_the_qanon_subreddit/,99990,,,t2_612zd,False,False,0,25,,
95f9g2,Oh I get it: the punchline is the idea that QAnon believers can get dates!,,EnoughTrumpSpam,https://i.pinimg.com/originals/82/33/8b/82338b2612bc19b119f3a2fbbf433991.jpg,1.0,False,,,,/r/EnoughTrumpSpam/comments/95f9g2/oh_i_get_it_the_punchline_is_the_idea_that_qanon/,99990,,,t2_14ohf7,False,False,0,11,,
957pau,HOLY POPCORN BATMAN: It's Looking Extremely Likely That QAnon Is A Leftist Prank On Trump Supporters,,EnoughTrumpSpam,https://www.buzzfeednews.com/article/ryanhatesthis/its-looking-extremely-likely-that-qanon-is-probably-a,0.87,False,,,,/r/EnoughTrumpSpam/comments/957pau/holy_popcorn_batman_its_looking_extremely_likely/,99990,,,t2_89t1g,False,False,0,40,,
94nbvx,Trump Fans Are Suckers and QAnon Is Perfect for Them,,EnoughTrumpSpam,https://www.thedailybeast.com/trump-fans-are-suckers-and-qanon-is-perfect-for-them?ref=home,0.91,False,,,,/r/EnoughTrumpSpam/comments/94nbvx/trump_fans_are_suckers_and_qanon_is_perfect_for/,99990,,,t2_89t1g,False,False,0,49,,
94kqf5,Trump Fans Are Suckers and QAnon Is Perfect for Them,,EnoughTrumpSpam,https://www.thedailybeast.com/trump-fans-are-suckers-and-qanon-is-perfect-for-them,0.83,False,,,,/r/EnoughTrumpSpam/comments/94kqf5/trump_fans_are_suckers_and_qanon_is_perfect_for/,99990,,,t2_lzbws,False,False,0,13,,
94gvur,Trump Fans Are Suckers and QAnon Is Perfect for Them,,EnoughTrumpSpam,https://www.thedailybeast.com/trump-fans-are-suckers-and-qanon-is-perfect-for-them?via=desktop&amp;source=Reddit,0.95,False,,,,/r/EnoughTrumpSpam/comments/94gvur/trump_fans_are_suckers_and_qanon_is_perfect_for/,99990,,,t2_w5als,False,False,0,52,,"Fuckthealtright,"
94arkd,WaPo: Conspiracy theories are for losers. QAnon is no exception.,,EnoughTrumpSpam,https://www.washingtonpost.com/news/posteverything/wp/2018/08/02/conspiracy-theories-are-for-losers-qanon-is-no-exception/,0.86,False,,,,/r/EnoughTrumpSpam/comments/94arkd/wapo_conspiracy_theories_are_for_losers_qanon_is/,99990,,,t2_89t1g,False,False,0,27,,
946otg,What Is QAnon? The Conspiracy Theory Tiptoeing Into Trump World,,EnoughTrumpSpam,https://www.npr.org/2018/08/02/634749387/what-is-qanon-the-conspiracy-theory-tiptoeing-into-trump-world,0.93,False,,,,/r/EnoughTrumpSpam/comments/946otg/what_is_qanon_the_conspiracy_theory_tiptoeing/,99990,,,t2_ce1jm,False,False,0,57,,
93yo74,What The Hell Is QAnon? Here's What To Read,,EnoughTrumpSpam,http://digg.com/2018/is-qanon-q-real-trump-pedophiles,0.92,False,,,,/r/EnoughTrumpSpam/comments/93yo74/what_the_hell_is_qanon_heres_what_to_read/,99990,,,t2_9j7ue,False,False,0,37,,
8trm97,Russian cut-out WikiLeaks now promoting Qanon,,EnoughTrumpSpam,https://twitter.com/wikileaks/status/1011273751143550979,0.78,False,twitter.com,https://twitter.com/wikileaks/status/1011273751143550979,,/r/EnoughTrumpSpam/comments/8trm97/russian_cutout_wikileaks_now_promoting_qanon/,99990,,,t2_89t1g,False,False,0,16,,
8c0ca9,#QAnon Daily Struggle,,EnoughTrumpSpam,https://i.redd.it/gd2cmqvq9pr01.png,0.85,False,,,,/r/EnoughTrumpSpam/comments/8c0ca9/qanon_daily_struggle/,99990,,,t2_j27cy,False,False,0,9,,
8ajia7,"Bonkers Pro-Trump Conspiracy Theorists Who Follow QAnon, Had A March In DC Today",,EnoughTrumpSpam,https://twitter.com/willsommer/status/982602056744755200,0.85,False,twitter.com,https://twitter.com/willsommer/status/982602056744755200,,/r/EnoughTrumpSpam/comments/8ajia7/bonkers_protrump_conspiracy_theorists_who_follow/,99990,,,t2_89t1g,False,False,0,14,,
8ac8ub,QAnon cultists swarm NYT journalist who wrote about their unhinged conspiracy theories,,EnoughTrumpSpam,https://twitter.com/michelleinbklyn/status/982231227905130503,0.91,False,,,,/r/EnoughTrumpSpam/comments/8ac8ub/qanon_cultists_swarm_nyt_journalist_who_wrote/,99990,,,t2_j27cy,False,False,0,45,,
8a8trh,"The Conspiracy Theory That Says Trump Is a Genius: In the QAnon reality, Trump only pretended to collude with Russia in order to create a pretext for the hiring of Robert Mueller. You don’t need an occult story about how your side is secretly winning if it’s actually winning.",,EnoughTrumpSpam,https://www.nytimes.com/2018/04/06/opinion/qanon-trump-conspiracy-theory.html,0.93,False,,,,/r/EnoughTrumpSpam/comments/8a8trh/the_conspiracy_theory_that_says_trump_is_a_genius/,99990,,,t2_12z4up,False,False,1,47,,
7v2bdd,QAnon: Pizzagate x10,,EnoughTrumpSpam,https://www.splcenter.org/hatewatch/2018/01/17/conspiracy-meta-theory-storm-pushes-alternative-envelope-yet-again,0.74,False,,,,/r/EnoughTrumpSpam/comments/7v2bdd/qanon_pizzagate_x10/,99990,,,t2_4iezn,False,False,0,7,,
7uea1m,"Alex Jones: ""The White House directly asked [Jerome] Corsi to be on the 8chan beat,"" cover ""QAnon"" conspiracy theory",,EnoughTrumpSpam,https://www.mediamatters.org/video/2018/01/29/alex-jones-white-house-directly-asked-jerome-corsi-be-8chan-beat-cover-qanon-conspiracy-theory/219203,0.86,False,,,,/r/EnoughTrumpSpam/comments/7uea1m/alex_jones_the_white_house_directly_asked_jerome/,99990,,,t2_4iezn,False,False,0,80,,
